45794530,Silver401
45794530,infernal_indigo
45794530,ATH1404
45794530,Tianasky073828hs
45794530,SmoochiesJo
45794530,ShyRebel111
45794530,Mercie
45794530,MinJaeS04
45794530,simply_a_rat
45794530,Bemma_Bear
45794530,WinnyZePoohs
45794530,StoryStaa
45794530,Nai21
45794530,Virtual_Minded
45794530,Caffeinecraving
45794530,Leahlutsy1
45794530,heartislubbingdubbing
45794530,a_methystus
45794530,TBrownkcs
45794530,senjoutoai
45794530,Biforce
45794530,MissEvelyneMagic206
45794530,Apple2022
45794530,Beatis
45794530,Jay_Kay0
45794530,Lyratheepercyjacksonfan
45794530,VaishnaviV
45794530,Luckypeche
45794530,Wherethewisteriasbloom
45794530,dessiraee
45794530,Nenally
45794530,vivixnx
45794530,Zatiekins
45794530,Hiddenacctx
45794530,Narutojeager
45794530,mexcai
45794530,alex_fangirl
45794530,Alcm1
45794530,AggressiveBreadRoll
45794530,Hojijuvlove_87
45794530,Nath1808
45794530,GeminiEyes
45794530,hugs4saturn
45794530,nomnomgukkiecheeks3273
45794530,Lovemebitch3
45794530,WinterBarnesWords
45794530,Blissfully_Oblivious
45794530,TinyRatThief
45794530,Alianna_KxPxO
45794530,leebug7
45794530,Skycam
45794530,chaoticjellybean
45794530,Black_K1tt3n
45794530,Namjoon_thetennisball
45794530,VityaBae
45794530,awthedemon
45794530,felixobsession
45794530,ilivelovedance
45794530,maggy_eveilleur
45794530,TheFriendlyGay
45794530,TheAilime
45794530,strangeobsessionwithvanilla
45794530,ViperZetsume
45794530,Fleenels
45794530,happierfaces
45794530,Stepina
45794530,Llun_ar
45794530,Brownie_Kitten
45794530,aixico3
45794530,vioepnt
45794530,PaliPrincess
45794530,Foklaos
45794530,Samanthasteptoe036
45794530,Rehmat
45794530,minijiminies
45794530,honey_ohsugasuga
45794530,Aidariz
45794530,Amyjay98
45794530,WiSteRiA_loVe01
45794530,ThatOneSmallLesbiann
45794530,Banging_bells
45794530,Tracy1989
45794530,Fluffy_Cloud_226
45794530,FloatingLottie
45794530,ParkMelody
45794530,chriself
45794530,xXForeverAKilljoyXx
45794530,dubieshubap
45794530,Sugikamugika
45794530,Madedamedea
45794530,FireLord_Zuko7
45794530,Missiemoon
45794530,snfics_10
45794530,JazzyCat
45794530,hobi_baragi_jk
45794530,PurplePalm
45794530,diaz_sky
45794530,Run_Jenny
45794530,trcyl83
45794530,SarahBear8771
45794530,kudos?before=5949524263
45794530,Silver401
45794530,infernal_indigo
45794530,ATH1404
45794530,Tianasky073828hs
45794530,SmoochiesJo
45794530,ShyRebel111
45794530,Mercie
45794530,MinJaeS04
45794530,simply_a_rat
45794530,Bemma_Bear
45794530,WinnyZePoohs
45794530,StoryStaa
45794530,Nai21
45794530,Virtual_Minded
45794530,Caffeinecraving
45794530,Leahlutsy1
45794530,heartislubbingdubbing
45794530,a_methystus
45794530,TBrownkcs
45794530,senjoutoai
45794530,Biforce
45794530,MissEvelyneMagic206
45794530,Apple2022
45794530,Beatis
45794530,Jay_Kay0
45794530,Lyratheepercyjacksonfan
45794530,VaishnaviV
45794530,Luckypeche
45794530,Wherethewisteriasbloom
45794530,dessiraee
45794530,Nenally
45794530,vivixnx
45794530,Zatiekins
45794530,Hiddenacctx
45794530,Narutojeager
45794530,mexcai
45794530,alex_fangirl
45794530,Alcm1
45794530,AggressiveBreadRoll
45794530,Hojijuvlove_87
45794530,Nath1808
45794530,GeminiEyes
45794530,hugs4saturn
45794530,nomnomgukkiecheeks3273
45794530,Lovemebitch3
45794530,WinterBarnesWords
45794530,Blissfully_Oblivious
45794530,TinyRatThief
45794530,Alianna_KxPxO
45794530,leebug7
45794530,Skycam
45794530,chaoticjellybean
45794530,Black_K1tt3n
45794530,Namjoon_thetennisball
45794530,VityaBae
45794530,awthedemon
45794530,felixobsession
45794530,ilivelovedance
45794530,maggy_eveilleur
45794530,TheFriendlyGay
45794530,TheAilime
45794530,strangeobsessionwithvanilla
45794530,ViperZetsume
45794530,Fleenels
45794530,happierfaces
45794530,Stepina
45794530,Llun_ar
45794530,Brownie_Kitten
45794530,aixico3
45794530,vioepnt
45794530,PaliPrincess
45794530,Foklaos
45794530,Samanthasteptoe036
45794530,Rehmat
45794530,minijiminies
45794530,honey_ohsugasuga
45794530,Aidariz
45794530,Amyjay98
45794530,WiSteRiA_loVe01
45794530,ThatOneSmallLesbiann
45794530,Banging_bells
45794530,Tracy1989
45794530,Fluffy_Cloud_226
45794530,FloatingLottie
45794530,ParkMelody
45794530,chriself
45794530,xXForeverAKilljoyXx
45794530,dubieshubap
45794530,Sugikamugika
45794530,Madedamedea
45794530,FireLord_Zuko7
45794530,Missiemoon
45794530,snfics_10
45794530,JazzyCat
45794530,hobi_baragi_jk
45794530,PurplePalm
45794530,diaz_sky
45794530,Run_Jenny
45794530,trcyl83
45794530,SarahBear8771
45794530,kudos?before=5949524263
3476741,Lovetoread77
3476741,KaTaA
3476741,I_maLetYouGoAndFly
3476741,Jianing9
3476741,eequinoxx
3476741,HorrorTownQueen
3476741,sugadtae
3476741,heyjaded
3476741,Marlenagot7384
3476741,alwayswithyou320
3476741,Yanirr
3476741,chiaking08
3476741,Brownies_1020
3476741,Girlalonee
3476741,LittleLilyInValley
3476741,insomniacal
3476741,galxxyy_sungiie
3476741,D4isylis
3476741,rt007
3476741,Skoothiesfiles
3476741,Roopmi2020
3476741,puppyshine
3476741,azhansashlh
3476741,Colie7892
3476741,ricci421
3476741,enyambmnt
3476741,poisoniyvi
3476741,Bi_bi0_0
3476741,valeeenr
3476741,Kookiestae_02
3476741,Lycheeluv
3476741,Violet_mum
3476741,Taekook_chim
3476741,AidenGmz
3476741,mochi_cheeks
3476741,antioctavian
3476741,kooclys
3476741,LockedOnCas
3476741,fragmentjournals
3476741,Banging_bells
3476741,Kookiebookie123
3476741,Lifesucks23
3476741,doamiyu
3476741,GoldenTwilight
3476741,l_liv
3476741,WaveOfSummer
3476741,daisybella
3476741,blank_account21
3476741,June07rkive
3476741,simp42seok
3476741,bayleefer
3476741,Sidereus05
3476741,kvminsung
3476741,Taeebear27
3476741,Vie_anne
3476741,anayame17
3476741,Peachylixie28
3476741,mytimeisbts
3476741,mmmooo21
3476741,anv_ao3
3476741,Blackswan_13
3476741,Kaiya92
3476741,Blue_Latinx
3476741,Annarwat
3476741,thvfllms
3476741,monov
3476741,Reader1477
3476741,asherficworks
3476741,Thebeescharmer
3476741,chaixaioqi
3476741,RoyalCartoon
3476741,FunkyChickzZ
3476741,tyjou_lily
3476741,salicylaldehyde
3476741,rochaa
3476741,Pink_Dolphin
3476741,Night_ships
3476741,Sue6674
3476741,EmiH007
3476741,Hnaz72852
3476741,trashpandawenttomarstosleep
3476741,hailuntheskies
3476741,H4nnah
3476741,reggieslibrary
3476741,Aurum24
3476741,Stlon3
3476741,Idkwhereimgoingbutohwell
3476741,Chpn2017
3476741,Sacramentum
3476741,enderman_sweets
3476741,Abrlg111
3476741,meow_xiao
3476741,tiffspiff
3476741,makgeoli
3476741,imaginarrylarry
3476741,Thisismetryingg
3476741,oburuiana
3476741,boring127
3476741,ladrademozioni
3476741,Ctic
3476741,kudos?before=5800251082
3476741,Lovetoread77
3476741,KaTaA
3476741,I_maLetYouGoAndFly
3476741,Jianing9
3476741,eequinoxx
3476741,HorrorTownQueen
3476741,sugadtae
3476741,heyjaded
3476741,Marlenagot7384
3476741,alwayswithyou320
3476741,Yanirr
3476741,chiaking08
3476741,Brownies_1020
3476741,Girlalonee
3476741,LittleLilyInValley
3476741,insomniacal
3476741,galxxyy_sungiie
3476741,D4isylis
3476741,rt007
3476741,Skoothiesfiles
3476741,Roopmi2020
3476741,puppyshine
3476741,azhansashlh
3476741,Colie7892
3476741,ricci421
3476741,enyambmnt
3476741,poisoniyvi
3476741,Bi_bi0_0
3476741,valeeenr
3476741,Kookiestae_02
3476741,Lycheeluv
3476741,Violet_mum
3476741,Taekook_chim
3476741,AidenGmz
3476741,mochi_cheeks
3476741,antioctavian
3476741,kooclys
3476741,LockedOnCas
3476741,fragmentjournals
3476741,Banging_bells
3476741,Kookiebookie123
3476741,Lifesucks23
3476741,doamiyu
3476741,GoldenTwilight
3476741,l_liv
3476741,WaveOfSummer
3476741,daisybella
3476741,blank_account21
3476741,June07rkive
3476741,simp42seok
3476741,bayleefer
3476741,Sidereus05
3476741,kvminsung
3476741,Taeebear27
3476741,Vie_anne
3476741,anayame17
3476741,Peachylixie28
3476741,mytimeisbts
3476741,mmmooo21
3476741,anv_ao3
3476741,Blackswan_13
3476741,Kaiya92
3476741,Blue_Latinx
3476741,Annarwat
3476741,thvfllms
3476741,monov
3476741,Reader1477
3476741,asherficworks
3476741,Thebeescharmer
3476741,chaixaioqi
3476741,RoyalCartoon
3476741,FunkyChickzZ
3476741,tyjou_lily
3476741,salicylaldehyde
3476741,rochaa
3476741,Pink_Dolphin
3476741,Night_ships
3476741,Sue6674
3476741,EmiH007
3476741,Hnaz72852
3476741,trashpandawenttomarstosleep
3476741,hailuntheskies
3476741,H4nnah
3476741,reggieslibrary
3476741,Aurum24
3476741,Stlon3
3476741,Idkwhereimgoingbutohwell
3476741,Chpn2017
3476741,Sacramentum
3476741,enderman_sweets
3476741,Abrlg111
3476741,meow_xiao
3476741,tiffspiff
3476741,makgeoli
3476741,imaginarrylarry
3476741,Thisismetryingg
3476741,oburuiana
3476741,boring127
3476741,ladrademozioni
3476741,Ctic
3476741,kudos?before=5800251082
45794530,Silver401
45794530,infernal_indigo
45794530,ATH1404
45794530,Tianasky073828hs
45794530,SmoochiesJo
45794530,ShyRebel111
45794530,Mercie
45794530,MinJaeS04
45794530,simply_a_rat
45794530,Bemma_Bear
45794530,WinnyZePoohs
45794530,StoryStaa
45794530,Nai21
45794530,Virtual_Minded
45794530,Caffeinecraving
45794530,Leahlutsy1
45794530,heartislubbingdubbing
45794530,a_methystus
45794530,TBrownkcs
45794530,senjoutoai
45794530,Biforce
45794530,MissEvelyneMagic206
45794530,Apple2022
45794530,Beatis
45794530,Jay_Kay0
45794530,Lyratheepercyjacksonfan
45794530,VaishnaviV
45794530,Luckypeche
45794530,Wherethewisteriasbloom
45794530,dessiraee
45794530,Nenally
45794530,vivixnx
45794530,Zatiekins
45794530,Hiddenacctx
45794530,Narutojeager
45794530,mexcai
45794530,alex_fangirl
45794530,Alcm1
45794530,AggressiveBreadRoll
45794530,Hojijuvlove_87
45794530,Nath1808
45794530,GeminiEyes
45794530,hugs4saturn
45794530,nomnomgukkiecheeks3273
45794530,Lovemebitch3
45794530,WinterBarnesWords
45794530,Blissfully_Oblivious
45794530,TinyRatThief
45794530,Alianna_KxPxO
45794530,leebug7
45794530,Skycam
45794530,chaoticjellybean
45794530,Black_K1tt3n
45794530,Namjoon_thetennisball
45794530,VityaBae
45794530,awthedemon
45794530,felixobsession
45794530,ilivelovedance
45794530,maggy_eveilleur
45794530,TheFriendlyGay
45794530,TheAilime
45794530,strangeobsessionwithvanilla
45794530,ViperZetsume
45794530,Fleenels
45794530,happierfaces
45794530,Stepina
45794530,Llun_ar
45794530,Brownie_Kitten
45794530,aixico3
45794530,vioepnt
45794530,PaliPrincess
45794530,Foklaos
45794530,Samanthasteptoe036
45794530,Rehmat
45794530,minijiminies
45794530,honey_ohsugasuga
45794530,Aidariz
45794530,Amyjay98
45794530,WiSteRiA_loVe01
45794530,ThatOneSmallLesbiann
45794530,Banging_bells
45794530,Tracy1989
45794530,Fluffy_Cloud_226
45794530,FloatingLottie
45794530,ParkMelody
45794530,chriself
45794530,xXForeverAKilljoyXx
45794530,dubieshubap
45794530,Sugikamugika
45794530,Madedamedea
45794530,FireLord_Zuko7
45794530,Missiemoon
45794530,snfics_10
45794530,JazzyCat
45794530,hobi_baragi_jk
45794530,PurplePalm
45794530,diaz_sky
45794530,Run_Jenny
45794530,trcyl83
45794530,SarahBear8771
45794530,kudos?before=5949524263
